index,published,keyword,domain,language,valid,title,description,url,image,archive,content,quote
9cd5fe2c10085a47e9591e275ba7a3ea,2025-11-01T02:39:25Z,'Wirbelsturm',www.tagesspiegel.de,de,0.0,Nach Hurrikan „Melissa“: Kliniken auf Jamaika sind am Limit – Ärzte dringend gesucht,Nach dem verheerenden Wirbelsturm arbeiten Mediziner auf der Karibikinsel unter teils extremen Bedingungen. Auch Treibstoff ist knapp. Kuba kämpft weiter mit schweren Überschwemmungen.,https://www.tagesspiegel.de/gesellschaft/panorama/nach-hurrikan-melissa-kliniken-auf-jamaika-sind-am-limit--arzte-dringend-gesucht-14720723.html,https://www.tagesspiegel.de/images/14720903/alternates/BASE_16_9_W1400/1761980767000/hurrikan-melissa-jamaika.jpeg,,"Notstand in Jamaika: Weil der verheerende Hurrikan Melissa auch viele Krankenhäuser beschädigt hat, plant die Regierung des karibischen Inselstaats in fünf westlichen Bezirken die Errichtung von Feld… [+4247 chars]",
3203bf958922cff3ed11b2dea28b9f79,2025-11-02T04:29:26Z,'Hurrikan',www.zeit.de,de,0.0,Hurrikan Melissa: Jamaika kündigt Aufbau von Feldlazaretten an,Vor allem im Westen der Insel sind Krankenhäuser beschädigt. Mit internationaler Hilfe werden nun Feldlazarette errichtet. Die Gesamtzahl der Toten steigt auf fast 60.,https://www.zeit.de/gesellschaft/zeitgeschehen/2025-11/hurrikan-melissa-jamaika-feldlazarett-todesfaelle,https://img.zeit.de/gesellschaft/zeitgeschehen/2025-11/hurrikan-melissa-jamaika-feldlazarett-todesfaelle-bild/wide__1300x731,,Nach den Verwüstungen durch den Hurrikan Melissa hat die jamaikanische Regierung den Aufbau mehrerer Feldlazarette angekündigt. Das erste derartige Notkrankenhaus soll am heutigen Sonntag in der Stad… [+1267 chars],
d081e175e8f519b607190576e1afd507,2025-11-08T20:27:22Z,'Wirbelsturm Schäden',www.zeit.de,de,0.1,Unwetter: Tornado trifft Südbrasilien: Stadt fast vollständig zerstört,Hier finden Sie Informationen zu dem Thema „Unwetter“. Lesen Sie jetzt „Tornado trifft Südbrasilien: Stadt fast vollständig zerstört“.,https://www.zeit.de/news/2025-11/08/tornado-trifft-suedbrasilien-stadt-fast-vollstaendig-zerstoert,https://img.zeit.de/news/2025-11/08/tornado-trifft-suedbrasilien-stadt-fast-vollstaendig-zerstoert-image-group/wide__1300x731,,"Ein Tornado hat im Süden Brasiliens schwere Verwüstungen angerichtet und mindestens sechs Menschen das Leben gekostet. Rund 750 Menschen wurden verletzt, mehr als 1.000 verloren ihr Zuhause, wie das … [+1967 chars]",
c9505ce88582619cf8c12ab1ed3ae318,2025-11-11T23:20:02Z,'Wirbelsturm Schäden',www.tagesschau.de,de,0.1,Klima-Risiko-Index: Wetterextreme treffen arme Länder am härtesten,Laut Klima-Risiko-Index werden Extremwetter-Ereignisse immer häufiger - und treffen arme Länder am härtesten. Aber auch Deutschland bleibt dem Bericht zufolge von den Folgen des Klimawandels nicht verschont. Von Jakob Mayr.,https://www.tagesschau.de/wissen/klima/klima-risiko-index-102.html,https://images.tagesschau.de/image/03d0e824-a4ca-4a7c-8031-b95457141d2f/AAABmnU14W8/AAABmgWmh8Q/16x9-big/taifun-fung-wong-102.jpg?width=1280,,"Stand: 12.11.2025 00:20 Uhr
Laut Klima-Risiko-Index werden Extremwetter-Ereignisse immer häufiger - und treffen arme Länder am härtesten. Aber auch Deutschland bleibt dem Bericht zufolge von den Fol… [+4623 chars]",
651d52bed124160f4c879c01ae78c38d,2025-11-04T14:29:25Z,'Taifun',www.bild.de,de,0.9,Mindestens 26 Tote - Taifun verwüstet die Philippinen,"Taifun „Kalmaegi“ verwüstet die Philippinen, zwingt 400.000 zur Flucht, 26 Menschen ertrinken.",https://www.bild.de/news/ausland/taifun-verwuestet-die-philippinen-mindestens-26-tote-6909eaea0580923d09986d28,"https://images.bild.de/6909eaea0580923d09986d28/8e7541de8679d721fbbd79da53615190,dc240406?w=1280",,"Manila (Philippinen)  Ein gewaltiger Taifun hat die Philippinen in Chaos und Elend gestürzt. Ganze Ortschaften wurden überschwemmt. Mindestens 26 Menschen kamen ums Leben.
Schlammige Fluten rissen i… [+1742 chars]",
301af7afed29717f8294552afdc7359f,2025-11-05T03:49:24Z,'Taifun',www.tagesspiegel.de,de,0.9,Tropensturm in Südostasien: Taifun hinterlässt Zerstörung auf den Philippinen - 66 Tote,"Autos türmen sich, Menschen fliehen auf ihre Dächer: Der Taifun „Kalmaegi“ hat Hunderttausende Philippiner in die Flucht getrieben. Während die Opferzahl steigt, nähert sich schon der nächste Sturm.",https://www.tagesspiegel.de/gesellschaft/panorama/tropensturm-in-sudostasien-taifun-hinterlasst-zerstorung-auf-den-philippinen-66-tote-14758472.html,https://www.tagesspiegel.de/images/14758469/alternates/BASE_16_9_W1400/1762314563000/taifun-kalmaegi-philippinen.jpeg,,"Auf den Philippinen steigt die Zahl der Toten durch den schweren Taifun Kalmaegi. Mindestens 66 Menschen kamen nach Angaben des Zivilschutzes ums Leben, 26 weitere werden noch vermisst. Sechs der Opf… [+2732 chars]",
b0bea478b9acab0183d93fd1597b04fc,2025-11-05T03:49:24Z,'Taifun',www.tagesspiegel.de,de,0.9,"Autos türmen sich, Menschen fliehen auf Dächer: Taifun „Kalmaegi“ hinterlässt Zerstörung und Tote auf den Philippinen","Der Taifun „Kalmaegi“ hat Hunderttausende Philippiner in die Flucht getrieben. Mindestens 66 Menschen sterben. Während die Opferzahl steigt, nähert sich schon der nächste Sturm.",https://www.tagesspiegel.de/gesellschaft/panorama/autos-turmen-sich-menschen-fliehen-auf-dacher-taifun-kalmaegi-hinterlasst-zerstorung-und-tote-auf-den-philippinen-14758472.html,https://www.tagesspiegel.de/images/14758469/alternates/BASE_16_9_W1400/1762314563000/taifun-kalmaegi-philippinen.jpeg,,"Auf den Philippinen steigt die Zahl der Toten durch den schweren Taifun Kalmaegi. Mindestens 66 Menschen kamen nach Angaben des Zivilschutzes ums Leben, 26 weitere werden noch vermisst. 
Sechs der O… [+3072 chars]",
9c5a7dce931cadad84c5bc34d6b540d2,2025-11-05T03:49:24Z,'Wirbelsturm Tote',www.tagesspiegel.de,de,0.9,"Autos türmen sich, Menschen fliehen auf Dächer: Taifun hinterlässt Zerstörung auf den Philippinen – 66 Tote","Der Taifun „Kalmaegi“ hat Hunderttausende Philippiner in die Flucht getrieben. Während die Opferzahl steigt, nähert sich schon der nächste Sturm.",https://www.tagesspiegel.de/gesellschaft/panorama/autos-turmen-sich-menschen-fliehen-auf-dacher-taifun-hinterlasst-zerstorung-auf-den-philippinen--66-tote-14758472.html,https://www.tagesspiegel.de/images/14758469/alternates/BASE_16_9_W1400/1762314563000/taifun-kalmaegi-philippinen.jpeg,,"Auf den Philippinen steigt die Zahl der Toten durch den schweren Taifun Kalmaegi. Mindestens 66 Menschen kamen nach Angaben des Zivilschutzes ums Leben, 26 weitere werden noch vermisst. 
Sechs der O… [+3072 chars]",
a40180da6a466c1316afd60d029b7850,2025-11-06T02:52:20Z,'Wirbelsturm',www.tagesspiegel.de,de,0.9,Katastrophe in Südostasien: Mindestens 140 Tote nach Taifun auf den Philippinen – nächster Wirbelsturm kommt,"Autos auf Dächern, Dörfer im Schlamm: Der Wirbelsturm „Kalmaegi“ hinterlässt viele Opfer und Chaos in dem Inselstaat. Jetzt nähert sich der Sturm „Fung-Wong“ – wird er zum Supertaifun?",https://www.tagesspiegel.de/gesellschaft/panorama/katastrophe-in-sudostasien-mindestens-140-tote-nach-taifun-auf-den-philippinen--nachster-wirbelsturm-kommt-14769275.html,https://www.tagesspiegel.de/images/14769515/alternates/BASE_16_9_W1400/1762408228000/over-110-died-state-of-calamity-declared-amid-aftermath-of-typhoon-kalmaegi.jpeg,,"Drama auf den Philippinen: Die Zahl der Toten in dem Inselstaat ist durch den verheerenden Taifun Kalmaegi weiter gestiegen. Mindestens 114 Menschen kamen ums Leben, die Behörden in der Provinz Cebu … [+3099 chars]",
2dbea0f76d054f4174734a7b96319637,2025-11-08T10:16:11Z,'Wirbelsturm',www.tagesspiegel.de,de,0.9,Wirbelsturm: Taifun hinterlässt Zerstörung auf Philippinen und Vietnam,Nach dem verheerenden Taifun „Kalmaegi“ kämpfen die Philippinen und Vietnam mit enormen Schäden. Immer mehr Tote werden geborgen. Und der nächste Sturm rollt bereits an.,https://www.tagesspiegel.de/gesellschaft/panorama/wirbelsturm-taifun-hinterlasst-zerstorung-auf-philippinen-und-vietnam-14787362.html,https://www.tagesspiegel.de/images/14787359/alternates/BASE_16_9_W1400/1762596971000/taifun-kalmaegi-vietnam.jpeg,,"Der heftige Taifun Kalmaegi hat auf den Philippinen und in Vietnam eine Spur der Zerstörung hinterlassen. Auf den Philippinen sei die Zahl der Toten auf über 200 gestiegen, teilte der Katastrophensch… [+2495 chars]",
264c7b6f63f5e264359effe275a62358,2025-11-09T14:27:21Z,'Wirbelsturm Tote',www.tagesspiegel.de,de,0.9,"Massenevakuierung, Überflutungen, Erdrutsche: Mindestens zwei Tote durch Supertaifun „Fung-Wong“ auf den Philippinen",Mit voller Wucht verwüstet der tropische Wirbelsturm zahlreiche Landstriche auf den Philippinen. Dank präventiver Evakuierungen bleibt Schlimmeres aus. Dennoch sind zwei Todesopfer zu beklagen.,https://www.tagesspiegel.de/gesellschaft/panorama/massenevakuierung-uberflutungen-erdrutsche-mindestens-zwei-tote-durch-supertaifun-fung-wong-auf-den-philippinen-14792741.html,https://www.tagesspiegel.de/images/14796935/alternates/BASE_16_9_W1400/1762756082000/strong-waves-caused-by-super-typhoon-typhoon-fung-wong-crash-near-a-residential-area-in-sicmil-gigmoto.jpeg,,"Der heftige Taifun Fung-Wong hat auf den nördlichen Philippinen mit Starkregen und Sturmböen gewütet. Mindestens zwei Menschen starben, mehr als 1,4 Millionen mussten ihre Häuser verlassen, wie die n… [+3554 chars]",
987a5b7a29bf22fb03445d165c478654,2025-11-10T06:06:36Z,'Wirbelsturm',www.stern.de,de,0.9,"Tropischer Wirbelsturm: Taifun ""Fung-Wong"" legt Teile der Philippinen lahm","Nach dem verheerenden Taifun ""Kalmaegi"" trifft ein neuer Sturm die Philippinen. Wieder gibt es Überflutungen und Schäden - aber dank präventiver Evakuierungen bleibt noch Schlimmeres aus.",https://www.stern.de/panorama/tropischer-wirbelsturm--taifun--fung-wong--legt-teile-der-philippinen-lahm-36295648.html,https://image.stern.de/36295650/t/wp/v1/w1440/r1.7778/-/10--a6c2ee2fb2v10axs2048jpeg---4dd97c5ad1652851.jpg,,"Kopiere den aktuellen Link
Zur Merkliste hinzufügen
Nach dem verheerenden Taifun ""Kalmaegi"" trifft ein neuer Sturm die Philippinen. Wieder gibt es Überflutungen und Schäden - aber dank präventiver … [+2148 chars]",
76e1d783e6a851ccdc4c1cf89438bf75,2025-11-10T06:06:36Z,'Wirbelsturm',www.zeit.de,de,0.9,"Tropischer Wirbelsturm: Taifun ""Fung-Wong"" legt Teile der Philippinen lahm","Hier finden Sie Informationen zu dem Thema „Tropischer Wirbelsturm“. Lesen Sie jetzt „Taifun ""Fung-Wong"" legt Teile der Philippinen lahm“.",https://www.zeit.de/news/2025-11/10/taifun-fung-wong-legt-teile-der-philippinen-lahm,https://img.zeit.de/news/2025-11/10/taifun-fung-wong-legt-teile-der-philippinen-lahm-image-group/wide__1300x731,,"Der heftige Taifun «Fung-Wong» hat auf den nördlichen Philippinen mit Starkregen und Sturmböen gewütet. Dennoch kam der Inselstaat dank Vorsichtsmaßnahmen glimpflicher davon als zunächst befürchtet.… [+2044 chars]",
d7cf556becb3a9107905c8bda0c1149f,2025-11-10T06:08:02Z,'Wirbelsturm Schäden',www.tagesspiegel.de,de,0.9,Tropischer Wirbelsturm: Taifun „Fung-Wong“ legt Teile der Philippinen lahm,Nach dem verheerenden Taifun „Kalmaegi“ trifft ein neuer Sturm die Philippinen. Wieder gibt es Überflutungen und Schäden - aber dank präventiver Evakuierungen bleibt noch Schlimmeres aus.,https://www.tagesspiegel.de/gesellschaft/panorama/tropischer-wirbelsturm-taifun-fung-wong-legt-teile-der-philippinen-lahm-14796896.html,https://www.tagesspiegel.de/images/14796893/alternates/BASE_16_9_W1400/1762754882000/taifun-fung-wong-philippinen.jpeg,,"Der heftige Taifun Fung-Wong hat auf den nördlichen Philippinen mit Starkregen und Sturmböen gewütet. Dennoch kam der Inselstaat dank Vorsichtsmaßnahmen glimpflicher davon als zunächst befürchtet.
E… [+2660 chars]",
30b79df86e5e8d0acab28a7d3604c059,2025-11-10T07:12:17Z,'Taifun',www.morgenpost.de,de,0.9,Super-Taifun trifft Philippinen – Eine Maßnahme schützte tausende Leben,"Zwei Tote, Überflutungen und Sturmschäden auf den Philippinen durch Taifun „Fung-wong“. Der Inselstaat kommt glimpflicher davon als befürchtet.",https://www.morgenpost.de/panorama/article410417954/super-taifun-trifft-philippinen-eine-massnahme-schuetzte-tausende-leben.html,https://img.sparknews.funkemedien.de/410418012/410418012_1762760335_v16_9_1600.jpeg,,"1,4 Millionen Menschen mussten ihre Häuser verlassen, zwei Menschen starben: Am Sonntagabend ist der Supertaifun Fung-wong auf die Küste der Philippinen getroffen. Der Sturm wütete mit Starkregen und… [+2204 chars]",
06d792bcd01bab9f7e2db5d0ad97c104,2025-11-12T05:28:00Z,'Taifun',www.stern.de,de,0.9,Tropischer Wirbelsturm: Taifun löst schwere Überschwemmungen in Taiwan aus – Tausende auf der Flucht,"In Taiwan hat Taifun ""Fung-Wong"" für eine Massenflucht gesorgt. Zuvor war der tropische Wirbelsturm bereits über die Philippinen gezogen – mit tödlichen Folgen.",https://www.stern.de/panorama/taifun-loest-ueberschwemmungen-in-taiwan-aus---tausende-auf-der-flucht-36336410.html,https://image.stern.de/36336426/t/DF/v1/w1440/r1.7778/-/taifun-taiwan.jpg,,"Kopiere den aktuellen Link
Zur Merkliste hinzufügen
In Taiwan hat Taifun ""Fung-Wong"" für eine Massenflucht gesorgt. Zuvor war der tropische Wirbelsturm bereits über die Philippinen gezogen mit tödl… [+1929 chars]",
ca12010844e15333c86ce5df3be8d555,2025-11-01T02:37:50Z,'Wirbelsturm Schäden',www.zeit.de,de,1.0,"Tödlicher Wirbelsturm: Nach Hurrikan ""Melissa"": Ärzte in Jamaika am Limit","Hier finden Sie Informationen zu dem Thema „Tödlicher Wirbelsturm“. Lesen Sie jetzt „Nach Hurrikan ""Melissa"": Ärzte in Jamaika am Limit“.",https://www.zeit.de/news/2025-11/01/nach-hurrikan-melissa-aerzte-in-jamaika-am-limit,https://img.zeit.de/news/2025-11/01/nach-hurrikan-melissa-aerzte-in-jamaika-am-limit-image-group/wide__1300x731,,"Weil der verheerende Hurrikan «Melissa» in Jamaika auch viele Krankenhäuser beschädigt hat, plant die Regierung des karibischen Inselstaats in fünf westlichen Bezirken die Errichtung von Feldlazarett… [+3275 chars]",
6a064440680824c674672ff4cd57d549,2025-11-01T02:39:25Z,'Wirbelsturm',www.tagesspiegel.de,de,1.0,Tödlicher Wirbelsturm: Nach Hurrikan „Melissa“: Ärzte in Jamaika am Limit,Nach dem verheerenden Hurrikan arbeiten Ärzte in Jamaika unter teils extremen Bedingungen. Auch Treibstoff ist auf der Insel knapp. Kuba kämpft weiter mit schweren Überschwemmungen.,https://www.tagesspiegel.de/gesellschaft/panorama/todlicher-wirbelsturm-nach-hurrikan-melissa-arzte-in-jamaika-am-limit-14720723.html,https://www.tagesspiegel.de/images/14720720/alternates/BASE_16_9_W1400/1761964764000/hurrikan-melissa-jamaika.jpeg,,"Weil der verheerende Hurrikan Melissa in Jamaika auch viele Krankenhäuser beschädigt hat, plant die Regierung des karibischen Inselstaats in fünf westlichen Bezirken die Errichtung von Feldlazaretten… [+3327 chars]",
d91f4c3e560d59629d4285521c1118b9,2025-11-01T04:24:23Z,'Wirbelsturm Schäden',www.zeit.de,de,1.0,Hurrikan Melissa: Jamaikas Ärzteverband fordert Mediziner zu Freiwilligendienst auf,In Jamaikas westlichen Bezirken sind Pfleger und Ärzte am Limit. Die Regierung errichtet Feldlazarette und sucht Freiwillige. Touristen können die Insel wieder verlassen.,https://www.zeit.de/gesellschaft/2025-11/hurrikan-melissa-aerzte-hilfe-lazarett-flughafen,https://img.zeit.de/gesellschaft/2025-11/hurrikan-melissa-aerzte-hilfe-lazarett-flughafen-bild/wide__1300x731,,"In fünf westlichen Bezirken von Jamaika plant die Regierung des karibischen Inselstaats die Errichtung von 
Feldlazaretten, nachdem Hurrikan Melissa zahlreiche Krankenhäuser beschädigt hat. Zudem mü… [+1686 chars]",
daf43835f3d91941c96a271040988d7e,2025-11-01T18:10:44Z,'Hurrikan',www.zeit.de,de,1.0,"Gestrandete Touristen: Nach Hurrikan ""Melissa"": Verwirrung an Jamaikas Flughäfen","Hier finden Sie Informationen zu dem Thema „Gestrandete Touristen“. Lesen Sie jetzt „Nach Hurrikan ""Melissa"": Verwirrung an Jamaikas Flughäfen“.",https://www.zeit.de/news/2025-11/01/nach-hurrikan-melissa-verwirrung-an-jamaikas-flughaefen,https://img.zeit.de/news/2025-11/01/nach-hurrikan-melissa-verwirrung-an-jamaikas-flughaefen-image-group/wide__1300x731,,"Vier Tage nach dem verheerenden Hurrikan «Melissa» haben sich Tausende Touristen in Jamaika auf dem internationalen Flughafen der Hauptstadt Kingston versammelt in der Hoffnung, die Insel endlich ver… [+1504 chars]",
f6ba03f2f69ab6874ec9795f6204bb48,2025-11-02T02:24:31Z,'Hurrikan',www.zeit.de,de,1.0,"Tödlicher Sturm ""Melissa"": Opferzahl nach Hurrikan-Katastrophe in Karibik steigt weiter","Hier finden Sie Informationen zu dem Thema „Tödlicher Sturm ""Melissa""“. Lesen Sie jetzt „Opferzahl nach Hurrikan-Katastrophe in Karibik steigt weiter“.",https://www.zeit.de/news/2025-11/02/opferzahl-nach-hurrikan-katastrophe-in-karibik-steigt-weiter,https://img.zeit.de/news/2025-11/02/opferzahl-nach-hurrikan-katastrophe-in-karibik-steigt-weiter-image-group/wide__1300x731,,Der verheerende Hurrikan «Melissa» hat in der Karibik noch mehr Menschen in den Tod gerissen als bisher bekannt. Allein in Jamaika gibt es nach Regierungsangaben inzwischen 28 bestätigte Todesfälle. … [+2590 chars],
c565746fa6a6a50ee92f62a19f6c3253,2025-11-02T02:26:02Z,'Hurrikan',www.tagesspiegel.de,de,1.0,Tödlicher Sturm „Melissa“: Opferzahl nach Hurrikan-Katastrophe in Karibik steigt weiter,"Wirbelsturm „Melissa“ hat auf Jamaika verheerende Schäden angerichtet. Viele sind in Not: Hilfsgüter erreichen abgeschnittene Orte kaum, Nahrungsmittel werden knapp, Tausende Touristen sitzen fest.",https://www.tagesspiegel.de/gesellschaft/panorama/todlicher-sturm-melissa-opferzahl-nach-hurrikan-katastrophe-in-karibik-steigt-weiter-14723807.html,https://www.tagesspiegel.de/images/14723804/alternates/BASE_16_9_W1400/1762050362000/hurrikan-melissa-jamaika.jpeg,,Der verheerende Hurrikan Melissa hat in der Karibik noch mehr Menschen in den Tod gerissen als bisher bekannt. Allein in Jamaika gibt es nach Regierungsangaben inzwischen 28 bestätigte Todesfälle. Zu… [+2640 chars],
7a398bd1ed151b3c5f5cb4b312e4cc70,2025-11-02T03:03:26Z,'Wirbelsturm Schäden',www.faz.net,de,1.0,Jahrhundertsturm „Melissa“: Opferzahl nach Hurrikan-Katastrophe in Karibik steigt weiter,"Wirbelsturm „Melissa“ hat auf Jamaika verheerende Schäden angerichtet. Viele sind in Not: Hilfsgüter erreichen abgeschnittene Orte kaum, Nahrungsmittel werden knapp, Tausende Touristen sitzen fest.",https://www.faz.net/aktuell/gesellschaft/ungluecke/jahrhundertsturm-melissa-opferzahl-nach-hurrikan-katastrophe-in-karibik-steigt-weiter-accg-110760908.html,https://media0.faz.net/ppmedia/w1200/aktuell/politik/3935027633/1.10760910/facebook_teaser/hurrikan-melissa-hat-auf.jpg.webp,,Der verheerende Hurrikan Melissa hat in der Karibik noch mehr Menschen in den Tod gerissen als bisher bekannt. Allein in Jamaika gibt es nach Regierungsangaben inzwischen 28 bestätigte Todesfälle. Zu… [+2537 chars],
0d5878129e336a6dc09a01eeb5a94196,2025-11-02T07:03:03Z,'Wirbelsturm Schäden',www.tagesschau.de,de,1.0,"Jamaika: Zahl der Toten nach Hurrikan ""Melissa"" gestiegen","Im Karibikstaat Jamaika ist die Zahl der Toten nach Hurrikan ""Melissa"" gestiegen. Einige Gebiete sind noch immer von der Außenwelt abgeschnitten. Auch Touristen sitzen weiter fest: Viele für gestern geplante Flüge fielen aus.",https://www.tagesschau.de/ausland/amerika/opferzahlen-hurrikan-melissa-100.html,https://images.tagesschau.de/image/64c18389-b75c-4db2-b830-9d9be34bfd2d/AAABmkNgZl0/AAABmgWmh8Q/16x9-big/melissa-hurrikan-jamaika-100.jpg?width=1280,,"Stand: 02.11.2025 08:03 Uhr
Im Karibikstaat Jamaika ist die Zahl der Toten nach Hurrikan ""Melissa"" gestiegen. Einige Gebiete sind noch immer von der Außenwelt abgeschnitten. Auch Touristen sitzen we… [+4803 chars]",
24714b75c17a0dbc9c7fdd5c7ed4017b,2025-11-02T07:03:29Z,'Hurrikan',orf.at,de,1.0,Karibik: Opferzahl nach Hurrikan „Melissa“ gestiegen,,https://orf.at/stories/3410280/,https://orf.at/mojo/1_4_1/storyserver//news/common/images/og-fallback-news.png,,Der verheerende Hurrikan Melissa hat in der Karibik noch mehr Menschen in den Tod gerissen als bisher bekannt. Allein in Jamaika gibt es nach Regierungsangaben inzwischen 28 bestätigte Todesfälle. Zu… [+1916 chars],
c6ef1d2f2ecc3caa4eca5045fd0253c5,2025-11-03T04:18:36Z,'Hurrikan',www.tagesschau.de,de,1.0,"Dreitägige Staatstrauer in Haiti nach Hurrikan ""Melissa""","Haitis Regierung hat angesichts der verheerenden Auswirkungen des Hurrikans ""Melissa"" eine dreitägige Staatstrauer ausgerufen. Sie gilt ab heute. Die USA sagten Kuba eine Nothilfe von drei Millionen Dollar zu.",https://www.tagesschau.de/ausland/amerika/melissa-haiti-100.html,https://images.tagesschau.de/image/64c18389-b75c-4db2-b830-9d9be34bfd2d/AAABmkNgZl0/AAABmgWmh8Q/16x9-big/melissa-hurrikan-jamaika-100.jpg?width=1280,,"Stand: 03.11.2025 05:18 Uhr
Haitis Regierung hat angesichts der verheerenden Auswirkungen des Hurrikans ""Melissa"" eine dreitägige Staatstrauer ausgerufen. Sie gilt ab heute. Die USA sagten Kuba eine… [+1533 chars]",
baf31f117e1f223b41ddd7cf4c54ea24,2025-11-03T05:43:39Z,'Tropensturm',www.tagesspiegel.de,de,1.0,Heftige Niederschläge: 37 Tote bei Überschwemmungen in Vietnam,Häuser und Straßen stehen in Teilen Vietnams seit einer Woche unter Wasser. Jetzt nähert sich auch noch ein Tropensturm dem südostasiatischen Land.,https://www.tagesspiegel.de/gesellschaft/panorama/heftige-niederschlage-37-tote-bei-uberschwemmungen-in-vietnam-14728343.html,https://www.tagesspiegel.de/images/14728340/alternates/BASE_16_9_W1400/1762148618000/uberschwemmungen-in-vietnam.jpeg,,"Starke Regenfälle sorgen seit einer Woche für schwere Überschwemmungen in Teilen Vietnams. Die Zahl der Toten ist inzwischen auf 37 gestiegen, wie örtliche Behörden am Montag mitteilten. Fünf Mensche… [+1139 chars]",
bfaaf5ef79df565be594348e6f2775a1,2025-11-03T05:46:10Z,'Hurrikan',www.faz.net,de,1.0,Nach Hurrikan „Melissa“: Staatstrauer in Haiti – USA wollen Kuba finanziell unterstützen,"Nach Hurrikan „Melissa“ trauert Haiti um mindestens 30 Tote. Jamaika will internationale Reggae-Konzerte organisieren, um beim Wiederaufbau zu helfen. Und die USA sagen Kuba drei Millionen Dollar Nothilfe zu.",https://www.faz.net/aktuell/gesellschaft/ungluecke/hurrikan-melissa-dreitaegige-staatstrauer-in-haiti-und-usa-wollen-kuba-finanziell-unterstuetzen-accg-110762131.html,https://media1.faz.net/ppmedia/w1200/aktuell/gesellschaft/2320780517/1.10758225/facebook_teaser/jamaika-black-river-menschen.jpg.webp,,Aufgrund der dramatischen Folgen von Hurrikan Melissa hat Haitis Regierung drei Tage Staatstrauer ab dem heutigen Montag angeordnet. Infolge des Wirbelsturms kamen in dem Karibikstaat bei Überschwemm… [+1714 chars],
feef71cfcdd21b90cc9486ac591bdb72,2025-11-03T08:49:49Z,'Taifun',www.stern.de,de,1.0,"Taifun ""Kalmaegi"": Tausende Menschen auf den Philippinen in Sicherheit gebracht","Auf den Philippinen sind tausende Menschen vor einem herannahenden Taifun in Sicherheit gebracht worden. Wie der Wetterdienst des Inselstaats mitteilte, steuerte Taifun ""Kalmaegi"" am Montag mit Windgeschwindigkeiten von 120 Stundenkilometern und Böen von bis …",https://www.stern.de/news/taifun--kalmaegi---tausende-menschen-auf-den-philippinen-in-sicherheit-gebracht-36183388.html,https://image.stern.de/36183390/t/RU/v1/w1440/r1.7778/-/03--fluechtende-in-der-stadt-san-julian---63a6b6e53f45d36e.jpg,,"Kopiere den aktuellen Link
Zur Merkliste hinzufügen
Auf den Philippinen sind tausende Menschen vor einem herannahenden Taifun in Sicherheit gebracht worden. Wie der Wetterdienst des Inselstaats mit… [+1348 chars]",
8efbe143dfc0c08d5c23ea6c7ec41b13,2025-11-03T15:02:20Z,'Tropensturm',www.tagesschau.de,de,1.0,Regenfälle und Überschwemmungen: Zahl der Toten in Vietnam steigt auf 37,Schwere Überschwemmungen und starker Regen: In Teilen Vietnams stehen seit einer Woche Häuser unter Wasser. 37 Menschen kamen bisher ums Leben. Jetzt nähert sich auch noch ein Tropensturm.,https://www.tagesschau.de/ausland/asien/vietnam-ueberschwemmungen-100.html,https://images.tagesschau.de/image/1430b25f-1723-4454-8e94-a5463d9032de/AAABmkoyBAw/AAABmgWmh8Q/16x9-big/flut-vietnam-100.jpg?width=1280,,"Stand: 03.11.2025 16:02 Uhr
Schwere Überschwemmungen und starker Regen: In Teilen Vietnams stehen seit einer Woche Häuser unter Wasser. 37 Menschen kamen bisher ums Leben. Jetzt nähert sich auch noc… [+1781 chars]",
ee327bbeec5b5191ab477d759129a4ed,2025-11-04T00:34:23Z,'Hurrikan',www.zeit.de,de,1.0,Hurrikan Melissa: Zahl der Toten in Jamaika steigt auf 32,"Der Karibikstaat Jamaika versucht, nach Hurrikan Melissa die Aufräumarbeiten voranzubringen. Fast die Hälfte aller Haushalte auf der Insel ist weiter ohne Strom.",https://www.zeit.de/gesellschaft/zeitgeschehen/2025-11/hurrikan-melissa-zahl-der-toten-jamaika-steigt,https://img.zeit.de/gesellschaft/zeitgeschehen/2025-11/hurrikan-melissa-zahl-der-toten-jamaika-steigt-bild/wide__1300x731,,"Nach dem verheerenden Hurrikan Melissa ist die 
Zahl der Toten auf Jamaika auf 32 gestiegen. Das teilte die 
Regierung am Montag (Ortszeit) mit und sagte, dass die Zahl der Toten vermutlich weiter … [+726 chars]",
313c36f99044947b52a8bd6ff200e190,2025-11-04T05:34:00Z,'Taifun',www.zeit.de,de,1.0,"Tropensturm in Südostasien: Taifun ""Kalmaegi"" trifft Philippinen – mindestens drei Tote","Hier finden Sie Informationen zu dem Thema „Tropensturm in Südostasien“. Lesen Sie jetzt „Taifun ""Kalmaegi"" trifft Philippinen – mindestens drei Tote“.",https://www.zeit.de/news/2025-11/04/taifun-kalmaegi-trifft-philippinen-mindestens-drei-tote,https://img.zeit.de/news/2025-11/04/taifun-kalmaegi-trifft-philippinen-mindestens-drei-tote-image-group/wide__1300x731,,"Auf den Philippinen hat der Taifun «Kalmaegi» mindestens drei Menschen das Leben gekostet. Der Wirbelsturm brachte orkanartige Böen, heftige Regenfälle und meterhohe Flutwellen über Teile des Inselst… [+2352 chars]",
2017dc68831291febe830fcadd025d4a,2025-11-04T05:35:23Z,'Taifun',www.tagesspiegel.de,de,1.0,Tropensturm in Südostasien: Taifun „Kalmaegi“ trifft Philippinen: mindestens sieben Tote,"Heftige Böen, meterhohe Flutwellen, zerstörte Häuser: Der Taifun „Kalmaegi“ setzt den Philippinen zu. Auch in Vietnam und Thailand herrscht große Sorge.",https://www.tagesspiegel.de/gesellschaft/panorama/tropensturm-in-sudostasien-taifun-kalmaegi-trifft-philippinen-mindestens-sieben-tote-14744282.html,https://www.tagesspiegel.de/images/14744507/alternates/BASE_16_9_W1400/1762241428000/taifun-kalmaegi-philippinen.jpeg,,"Auf den Philippinen hat der Taifun Kalmaegi mindestens sieben Menschen das Leben gekostet. Der Wirbelsturm brachte orkanartige Böen, heftige Regenfälle und meterhohe Flutwellen über Teile des Inselst… [+3226 chars]",
3384687e3d7d5f39ef27f846abfbc389,2025-11-04T09:27:57Z,'Taifun',www.stern.de,de,1.0,"Tropensturm in Südostasien: Taifun ""Kalmaegi"" trifft Philippinen: mindestens sieben Tote","Heftige Böen, meterhohe Flutwellen, zerstörte Häuser: Der Taifun ""Kalmaegi"" setzt den Philippinen zu. Auch in Vietnam und Thailand herrscht große Sorge.",https://www.stern.de/panorama/tropensturm-in-suedostasien--taifun--kalmaegi--trifft-philippinen--mindestens-sieben-tote-36186198.html,https://image.stern.de/36186330/t/WN/v2/w1440/r1.7778/-/04--xyhhhfvj7tv3axs2048jpeg---ba30673bf6451fc4.jpg,,"Kopiere den aktuellen Link
Zur Merkliste hinzufügen
Heftige Böen, meterhohe Flutwellen, zerstörte Häuser: Der Taifun ""Kalmaegi"" setzt den Philippinen zu. Auch in Vietnam und Thailand herrscht große… [+2685 chars]",
9d0f724e35d413a259a60d82c1e872ea,2025-11-05T01:13:34Z,'Wirbelsturm',www.zeit.de,de,1.0,Hurrikan Melissa: Wirbelsturm dürfte Jamaika ein Drittel der Wirtschaftsleistung kosten,"Hurrikan Melissa, einer der schwersten je registrierten Stürme des Atlantiks, sei eine Warnung an die Welt, sagt Jamaikas Präsident. Die Schadensaufnahme hat begonnen.",https://www.zeit.de/gesellschaft/zeitgeschehen/2025-11/hurrikan-melissa-schaeden-jamaika,https://img.zeit.de/gesellschaft/zeitgeschehen/2025-11/hurrikan-melissa-schaeden-jamaica-bild/wide__1300x731,,"Jamaika hat nach den Verwüstungen durch einen der stärksten Hurrikane über dem Atlantik eine erste Schadensbilanz
gezogen. Demnach hat Wirbelsturm Melissa Infrastruktur und Häuser im Wert von
minde… [+3123 chars]",
6dbb3d87e1bcfa0f1243fca2740d2e94,2025-11-05T06:33:04Z,'Taifun',orf.at,de,1.0,Taifun „Kalmaegi“ traf auf Philippinen: Dutzende Tote,,https://orf.at/stories/3410561/,https://orf.at/mojo/1_4_1/storyserver//news/common/images/og-fallback-news.png,,"Auf den Philippinen ist die Zahl der Toten durch den schweren Taifun Kalmaegi heute gestiegen. Mindestens 66 Menschen kamen nach Angaben des Zivilschutzes ums Leben, 26 weitere werden noch vermisst. … [+1578 chars]",
5d2a6b8ba93cbec5b1b8406b89c5a2af,2025-11-05T13:16:08Z,'Wirbelsturm',www.stern.de,de,1.0,Tropensturm in Südostasien: Taifun hinterlässt Zerstörung auf den Philippinen - 91 Tote,"Autos türmen sich, Menschen fliehen auf ihre Dächer: Der Taifun ""Kalmaegi"" hat Hunderttausende Philippiner in die Flucht getrieben. Während die Opferzahl steigt, nähert sich schon der nächste Sturm.",https://www.stern.de/panorama/tropensturm-in-suedostasien--taifun-hinterlaesst-zerstoerung-auf-den-philippinen---91-tote-36189650.html,https://image.stern.de/36189652/t/KM/v2/w1440/r1.7778/-/05--a6wlkeisnbv12axs2048jpeg---6225e9d78312d607.jpg,,"Kopiere den aktuellen Link
Zur Merkliste hinzufügen
Autos türmen sich, Menschen fliehen auf ihre Dächer: Der Taifun ""Kalmaegi"" hat Hunderttausende Philippiner in die Flucht getrieben. Während die O… [+2225 chars]",
c6c43c2a711d0ecf702b00a46609ded2,2025-11-06T02:51:16Z,'Tropensturm',www.stern.de,de,1.0,Tropensturm in Südostasien: Zahl der Toten nach Taifun auf den Philippinen steigt,"Autos auf Dächern, ganze Dörfer im Schlamm: Taifun ""Kalmaegi"" hinterlässt Chaos auf den Philippinen. Jetzt nähert sich der Sturm ""Fung-Wong"" - wird er zum Supertaifun?",https://www.stern.de/panorama/tropensturm-in-suedostasien--zahl-der-toten-nach-taifun-auf-den-philippinen-steigt-36193320.html,https://image.stern.de/36193322/t/oR/v1/w1440/r1.7778/-/06--qsqmcjjcy5v3axs2048jpeg---354beaed692e84ba.jpg,,"Kopiere den aktuellen Link
Zur Merkliste hinzufügen
Autos auf Dächern, ganze Dörfer im Schlamm: Taifun ""Kalmaegi"" hinterlässt Chaos auf den Philippinen. Jetzt nähert sich der Sturm ""Fung-Wong"" - wi… [+2126 chars]",
bf1faea5f9256ff6acd48229004b2142,2025-11-06T09:04:26Z,'Taifun',www.diepresse.com,de,1.0,Mehr als 140 Tote durch Taifun „Kalmaegi“ auf den Philippinen,Taifun „Kalmaegi“ hat auf den Philippinen schwere Zerstörungen hinterlassen. Präsident Marcos ruft den Katastrophenzustand aus. Und ein neuer Taifun baut sich bereits auf.,https://www.diepresse.com/20274720/mehr-als-140-tote-durch-taifun-kalmaegi-auf-den-philippinen,https://img.diepresse.com/public/incoming/z2xbdw-imago-images-0839628809/alternates/DPR_SOCIAL_NACHRICHTEN/imago%20images%200839628809,,"Taifun Kalmaegi hat auf den Philippinen schwere Zerstörungen hinterlassen. Präsident Marcos ruft den Katastrophenzustand aus. Und ein neuer Taifun baut sich bereits auf. 
 Auf den Philippinen ist di… [+2859 chars]",
ff4c01dff80a4c07cd131d8a0da7aa88,2025-11-06T10:14:40Z,'Wirbelstürme Klimawandel',www.stern.de,de,1.0,"Mehr als 140 Tote durch Taifun ""Kalmaegi"" auf den Philippinen","Auf den Philippinen ist die Zahl der Toten durch den Taifun ""Kalmaegi"" auf mehr als 140 gestiegen. Wie der Zivilschutz am Donnerstag mitteilte, starben mindestens 114 Menschen. Hinzu kommen noch 28 Todesfälle, die in der Provinz Cebu registriert wurden. 127 M…",https://www.stern.de/news/mehr-als-140-tote-durch-taifun--kalmaegi--auf-den-philippinen-36194860.html,https://image.stern.de/36194862/t/YX/v1/w1440/r1.7778/-/06--schaeden-in-der-stadt-liloan---b70972acef2a1301.jpg,,"Kopiere den aktuellen Link
Zur Merkliste hinzufügen
Auf den Philippinen ist die Zahl der Toten durch den Taifun ""Kalmaegi"" auf mehr als 140 gestiegen. Wie der Zivilschutz am Donnerstag mitteilte, s… [+2771 chars]",
d18c00e5c9119e417697157a92042200,2025-11-06T14:35:38Z,'Wirbelstürme Klimawandel',www.stern.de,de,1.0,"Taifun ""Kalmaegi"" erreicht Vietnam - Mehr als 140 Tote auf den Philippinen","Nach mehr als 140 Toten und schweren Schäden auf den Philippinen hat der Taifun ""Kalmaegi"" Vietnam erreicht. Er traf am Donnerstag mit Windgeschwindigkeiten von bis zu 149 Stundenkilometern und noch stärkeren Böen auf die zentralvietnamesische Küste, wie das …",https://www.stern.de/news/taifun--kalmaegi--erreicht-vietnam---mehr-als-140-tote-auf-den-philippinen-36194860.html,https://image.stern.de/36196376/t/ZU/v1/w1440/r1.7778/-/06--hoher-wellengang-am-strand-von-quy-nhon-in-gia-lai---1b78a02f72dcd7e7.jpg,,"Kopiere den aktuellen Link
Zur Merkliste hinzufügen
Nach mehr als 140 Toten und schweren Schäden auf den Philippinen hat der Taifun ""Kalmaegi"" Vietnam erreicht. Er traf am Donnerstag mit Windgeschw… [+3823 chars]",
7416817b4c49bdb4680b1255998e3ed6,2025-11-07T04:35:25Z,'Taifun',www.tagesschau.de,de,1.0,"Taifun ""Kalmaegi"" erreicht Vietnam - Chaos auf den Philippinen","Erst die Philippinen, jetzt Vietnam: Taifun ""Kalmaegi"" hinterlässt mit Toten und Überschwemmungen eine Spur der Zerstörung. In den Philippinen stieg die Zahl der Todesopfer auf 188. Und dem Land nähert sich schon der nächste Tropensturm.",https://www.tagesschau.de/ausland/asien/taifun-kalmaegi-vietnam-100.html,https://images.tagesschau.de/image/babab01d-95ef-4243-af14-27a4b8a3c111/AAABmlyZDYo/AAABmgWmh8Q/16x9-big/baum-taifun-kalmaegi-100.jpg?width=1280,,"Stand: 07.11.2025 05:35 Uhr
Erst die Philippinen, jetzt Vietnam: Taifun ""Kalmaegi"" hinterlässt mit Toten und Überschwemmungen eine Spur der Zerstörung. In den Philippinen stieg die Zahl der Todesopf… [+2032 chars]",
2f9648962d04f9c06b293a0033dd5e3e,2025-11-07T05:01:00Z,'Taifun',www.morgenpost.de,de,1.0,Schwerer Taifun erreicht Vietnam - Chaos auf den Philippinen,"Autos türmen sich, Menschen fliehen auf Dächer: Der Taifun „Kalmaegi“ hat Hunderttausende Philippiner in die Flucht getrieben. Während die Opferzahl steigt, nähert sich schon der nächste Sturm.",https://www.morgenpost.de/incoming/article410381464/taifun-kalmaegi-fordert-114-tote-auf-den-philippinen-naechster-sturm-naht.html,https://img.sparknews.funkemedien.de/410389674/410389674_1762399841_v16_9_1600.jpeg,,Der heftige Taifun Kalmaegi ist von den Philippinen nach Vietnam weitergezogen - und hat auch dort schwere Schäden angerichtet. Mindestens fünf Menschen seien ums Leben gekommen und rund 2.600 Häuser… [+1994 chars],
fd31be66ba6e217adb24f89d71140ef2,2025-11-07T05:26:43Z,'Taifun',www.faz.net,de,1.0,„Kalmaegi“: Tote nach schwerem Taifun in Vietnam,"Erst die Philippinen, jetzt Vietnam: Taifun „Kalmaegi“ hinterlässt eine Spur der Zerstörung – Tote, Überschwemmungen, Stromausfälle. Und schon nähert sich ein neuer Sturm.",https://www.faz.net/aktuell/gesellschaft/ungluecke/kalmaegi-tote-nach-schwerem-taifun-in-vietnam-accg-110769329.html,https://media1.faz.net/ppmedia/w1200/aktuell/gesellschaft/1585787869/1.10769333/facebook_teaser/die-philippinische-provinz.jpg.webp,,Der heftige Taifun Kalmaegi ist von den Philippinen nach Vietnam weitergezogen und hat auch dort schwere Schäden angerichtet. Mindestens fünf Menschen seien ums Leben gekommen und rund 2.600 Häuser b… [+1791 chars],
efc9d8dc66b9b8a1b375ef9562b15bda,2025-11-07T05:49:06Z,'Wirbelsturm Schäden',www.diepresse.com,de,1.0,Taifun „Kalmaegi“ erreicht Vietnam - Chaos auf den Philippinen,Der Taifun „Kalmaegi“ hat Vietnam erreicht. Mindestens fünf Menschen sind ums Leben gekommen. Auf den Philippinen ist die Zahl der Opfer bereits auf 188 gestiegen.,https://www.diepresse.com/20278208/taifun-kalmaegi-erreicht-vietnam-chaos-auf-den-philippinen,https://img.diepresse.com/public/incoming/h0krt3-VIETNAM-PHILIPPINES-TYPHOON-FLOOD-ENVIRONMENT-CLIMATE/alternates/DPR_SOCIAL_NACHRICHTEN/VIETNAM-PHILIPPINES-TYPHOON-FLOOD-ENVIRONMENT-CLIMATE,,"Der Taifun Kalmaegi hat Vietnam erreicht. Mindestens fünf Menschen sind ums Leben gekommen. Auf den Philippinen ist die Zahl der Opfer bereits auf 188 gestiegen. 
Der heftige Taifun Kalmaegi ist von… [+2083 chars]",
2caf7a12b08ad97e790b24452596d420,2025-11-07T07:26:52Z,'Tropensturm',www.zeit.de,de,1.0,Tropensturm in Südostasien: Schwerer Taifun erreicht Vietnam - Chaos auf den Philippinen,Hier finden Sie Informationen zu dem Thema „Tropensturm in Südostasien“. Lesen Sie jetzt „Schwerer Taifun erreicht Vietnam - Chaos auf den Philippinen“.,https://www.zeit.de/news/2025-11/07/schwerer-taifun-erreicht-vietnam-chaos-auf-den-philippinen,https://img.zeit.de/news/2025-11/07/schwerer-taifun-erreicht-vietnam-chaos-auf-den-philippinen-image-group/wide__1300x731,,"Der heftige Taifun «Kalmaegi» ist von den Philippinen nach Vietnam weitergezogen - und hat auch dort schwere Schäden angerichtet. Mindestens fünf Menschen seien ums Leben gekommen, drei weitere werde… [+2392 chars]",
e613723ed13eff846eee075561e46a7d,2025-11-07T07:51:00Z,'Taifun',www.stern.de,de,1.0,"Fünf Tote durch Taifun ""Kalmaegi"" in Vietnam - 188 Tote auf den Philippinen","Nach verheerenden Zerstörungen auf den Philippinen hat der Taifun ""Kalmaegi"" in Vietnam nach Behördenangaben fünf Todesopfer gefordert. Der Tropensturm sei in der zentralen Provinz Gia Lai mit Windgeschwindigkeiten von bis zu 149 Stundenkilometern auf Land ge…",https://www.stern.de/news/fuenf-tote-durch-taifun--kalmaegi--in-vietnam---188-tote-auf-den-philippinen-36199458.html,https://image.stern.de/36199460/t/oh/v1/w1440/r1.7778/-/07--ein-von-kalmaegi-zerstoertes-gebaeude-in-vietnam---a5287f6100e25fd0.jpg,,"Kopiere den aktuellen Link
Zur Merkliste hinzufügen
Nach verheerenden Zerstörungen auf den Philippinen hat der Taifun ""Kalmaegi"" in Vietnam nach Behördenangaben fünf Todesopfer gefordert. Der Trope… [+2455 chars]",
bd5ae77981eff71acfd35f6f4e10dadb,2025-11-07T11:43:00Z,'Wirbelsturm',www.dw.com,de,1.0,"Taifun ""Kalmaegi"" wütet in Vietnam - Fünf Tote","Seit Tagen zieht ein schwerer Wirbelsturm über Südostasien. Die Spur der Verwüstung reicht inzwischen von den Philippinen bis Vietnam. Und auf dem Pazifik braut sich ein neues Unwetter zusammen. ""Kalmaegi"" ist der 13. Taifun in diesem Jahr im Südchinesischen …",https://www.dw.com/de/taifun-kalmaegi-w%C3%BCtet-in-vietnam-f%C3%BCnf-tote/a-74659035,https://static.dw.com/image/74656080_6.jpg,,"""Kalmaegi"" ist der 13. Taifun in diesem Jahr im Südchinesischen Meer. Nachdem der Wirbelsturm auf den Philippinen Anfang der Woche Tod und Zerstörung gebracht hatte, traf er am späten Donnerstag weit… [+3839 chars]",
d864f74cb532ac6765d0e4a961ca31c2,2025-11-08T13:36:30Z,'Wirbelsturm',www.tagesschau.de,de,1.0,"Nach ""Kalmaegi"": Philippinen wappnen sich für nächsten Taifun","Nur wenige Tage nach der Verwüstung durch Taifun ""Kalmaegi"" müssen sich die Philippinen auf einen neuen Wirbelsturm vorbereiten. ""Fung-Wong"" könnte sich zu einem Supertaifun entwickeln und noch verheerender werden.",https://www.tagesschau.de/ausland/asien/taifune-philippinen-vietnam-100.html,https://images.tagesschau.de/image/a61f6441-bd66-483d-85e0-856b315fd3ad/AAABmmOGCC8/AAABmgWmh8Q/16x9-big/fung-wong-102.jpg?width=1280,,"Stand: 08.11.2025 14:36 Uhr
Nur wenige Tage nach der Verwüstung durch Taifun ""Kalmaegi"" müssen sich die Philippinen auf einen neuen Wirbelsturm vorbereiten. ""Fung-Wong"" könnte sich zu einem Supertai… [+2148 chars]",
49c46693df615a65b2a2015939002706,2025-11-09T05:13:54Z,'Taifun',www.zeit.de,de,1.0,"Wirbelsturm ""Fung-Wong"": Nächster Taifun auf Philippinen - Hunderttausende evakuiert","Hier finden Sie Informationen zu dem Thema „Wirbelsturm ""Fung-Wong""“. Lesen Sie jetzt „Nächster Taifun auf Philippinen - Hunderttausende evakuiert“.",https://www.zeit.de/news/2025-11/09/naechster-taifun-auf-philippinen-hunderttausende-evakuiert,https://img.zeit.de/news/2025-11/09/naechster-taifun-auf-philippinen-hunderttausende-evakuiert-image-group/wide__1300x731,,Auf der Flucht vor Supertaifun «Fung-Wong» haben fast eine Million Bewohner der Philippinen ihre Häuser verlassen müssen. Der heftige Tropensturm zog am Morgen (Ortszeit) mit anhaltenden Windgeschwin… [+1822 chars],
6a07cab6a9bb04788f8c8c04a442ec04,2025-11-09T06:06:05Z,'Tropensturm',www.tagesschau.de,de,1.0,Nächster Taifun trifft Philippinen: Fast eine Million Menschen evakuiert,"Erst vor wenigen Tagen riss der verheerende Taifun ""Kalmaegi"" Hunderte Menschen in den Tod, jetzt zieht ein neuer Tropensturm über die Philippinen. Fast eine Million Menschen verlassen ihre Häuser.",https://www.tagesschau.de/ausland/asien/taifun-fung-wong-philippinen-100.html,https://images.tagesschau.de/image/43492e2e-ed8f-475e-bc25-561294f14317/AAABmmc0STM/AAABmgWmh8Q/16x9-big/philippinen-306.jpg?width=1280,,"Stand: 09.11.2025 07:06 Uhr
Erst vor wenigen Tagen riss der verheerende Taifun ""Kalmaegi"" Hunderte Menschen in den Tod, jetzt zieht ein neuer Tropensturm über die Philippinen. Fast eine Million Mens… [+2273 chars]",
1a092356db70b19a933e8ae7f83e067a,2025-11-09T06:40:30Z,'Taifun',www.stern.de,de,1.0,"Supertaifun ""Fung-wong"": Fast eine Million Menschen auf den Philippinen evakuiert","Fast eine Million Menschen sind in den Philippinen vor dem heranrückenden Supertaifun ""Fung-wong"" in Sicherheit gebracht worden. Landesweit seien 916.863 Menschen evakuiert worden, erklärte der stellvertretende Leiter des philippinischen Zivilschutzes, Rafael…",https://www.stern.de/news/supertaifun--fung-wong---fast-eine-million-menschen-auf-den-philippinen-evakuiert-36264048.html,https://image.stern.de/36264050/t/Wb/v1/w1440/r1.7778/-/09--evakuierung-auf-suedphilippinischer-insel-mindanao---feffa8200a08eafd.jpg,,"Kopiere den aktuellen Link
Zur Merkliste hinzufügen
Fast eine Million Menschen sind in den Philippinen vor dem heranrückenden Supertaifun ""Fung-wong"" in Sicherheit gebracht worden. Landesweit seien… [+2386 chars]",
cad8006ba9d9d42663477ff527fb737c,2025-11-09T10:45:39Z,'Taifun',www.stern.de,de,1.0,"Philippinen erwarten Taifun ""Fung-wong"" - Mehr als eine Million Menschen evakuiert","Auf den Philippinen sind angesichts des herannahenden Taifuns ""Fung-wong"" mehr als eine Million Menschen in Sicherheit gebracht worden. Der Sturm werde am späten Sonntagabend zwischen 20.00 Uhr und 23.00 Uhr (Ortszeit, zwischen 13.00 und 16.00 Uhr MEZ) auf di…",https://www.stern.de/news/philippinen-erwarten-taifun--fung-wong----mehr-als-eine-million-menschen-evakuiert-36264048.html,https://image.stern.de/36269586/t/1z/v1/w1440/r1.7778/-/09--wellen-fluten-die-kuestenstrasse-in-der-stadt-virac---15548199d06c2a0d.jpg,,"Kopiere den aktuellen Link
Zur Merkliste hinzufügen
Auf den Philippinen sind angesichts des herannahenden Taifuns ""Fung-wong"" mehr als eine Million Menschen in Sicherheit gebracht worden. Der Sturm… [+3632 chars]",
51d6b5a1456c1af635a9b09f08b17770,2025-11-09T11:39:11Z,'Taifun',www.morgenpost.de,de,1.0,Philippinen: Taifun „Fung-wong“ zwingt über eine Million Menschen zur Flucht,Über eine Million Menschen auf den Philippinen mussten vor Taifun „Fung-wong“ fliehen. Das volle Ausmaß des Sturms steht noch bevor.,https://www.morgenpost.de/panorama/article410412376/taifun-fung-wong-ueber-eine-million-menschen-auf-den-philippinen-evakuiert.html,https://img.sparknews.funkemedien.de/410412226/410412226_1762688351_v16_9_1600.jpeg,,Alarm auf den Philippinen: Wegen des herannahenden Taifuns Fung-wong mussten über eine Million Menschen ihre Häuser verlassen und sich in Sicherheit bringen. Der Wirbelsturm soll am späten Sonntagabe… [+3778 chars],
ba24c1e91775b39286bb40546db04e9a,2025-11-09T12:18:07Z,'Taifun',orf.at,de,1.0,Flucht vor „Fung Wong“ auf Philippinen,"Erst am Donnerstag war ein Tropensturm über die Philippinen gezogen, nun trifft ein möglicherweise noch stärkerer Taifun auf den Archipel. „Fung Wong“ dürfte noch am späten Sonntagabend (Ortszeit) die Hauptinsel Luzon erreichen. Fast eine Million Menschen flo…",https://orf.at/stories/3411002/,https://ibs.orf.at/news?image=https%3A%2F%2Fassets.orf.at%2Fmims%2F2025%2F46%2F96%2Fcrops%2Fw%3D1200%2Ch%3D630%2Cq%3D75%2F2828193_master_1091796_philippinen_taifun_fung_wong_ankunft2_afp.jpg%3Fs%3De4bacb6af4462477837b64fe0d617568a3805b9b,http://web.archive.org/web/20251109122347/https://orf.at/stories/3411002/,Fung Wong wurde wegen seiner Ausdehnung und Stärke zuletzt vom nationalen philippinischen Wetterdienst (PAGASA) als Supertaifun eingestuft. Er soll laut aktueller Einschätzung anhaltende Windgeschwin… [+3005 chars],
a37396d1d4196bbb30d5ebe0484a6468,2025-11-09T12:22:25Z,'Taifun',www.stern.de,de,1.0,"Tropischer Wirbelsturm: Philippinen rüsten sich für Supertaifun ""Fung-Wong""","Nach dem verheerenden Taifun ""Kalmaegi"" droht den Philippinen ein neuer und noch stärkerer Sturm. Bereits vor seiner Ankunft sorgt ""Fung-Wong"" für Zerstörung und erste Tote.",https://www.stern.de/panorama/tropischer-wirbelsturm--philippinen-ruesten-sich-fuer-supertaifun--fung-wong--36271812.html,https://image.stern.de/36271814/t/e2/v1/w1440/r1.7778/-/09--vhnup5pp3wv8axs2048jpeg---78d01bf362aa773f.jpg,,"Kopiere den aktuellen Link
Zur Merkliste hinzufügen
Nach dem verheerenden Taifun ""Kalmaegi"" droht den Philippinen ein neuer und noch stärkerer Sturm. Bereits vor seiner Ankunft sorgt ""Fung-Wong"" fü… [+3013 chars]",
acf2ca7858740d9951c5d35e11300a19,2025-11-09T12:22:25Z,'Wirbelsturm',www.zeit.de,de,1.0,"Tropischer Wirbelsturm: Philippinen rüsten sich für Supertaifun ""Fung-Wong""","Hier finden Sie Informationen zu dem Thema „Tropischer Wirbelsturm“. Lesen Sie jetzt „Philippinen rüsten sich für Supertaifun ""Fung-Wong""“.",https://www.zeit.de/news/2025-11/09/philippinen-ruesten-sich-fuer-supertaifun-fung-wong,https://img.zeit.de/news/2025-11/09/philippinen-ruesten-sich-fuer-supertaifun-fung-wong-image-group/wide__1300x731,,Gerade erst hat ein Taifun auf den Philippinen Hunderte Menschen in den Tod gerissen - nun zieht ein neuer und noch stärkerer Wirbelsturm auf den Inselstaat zu. «Fung-Wong» sorgte bereits vor seiner … [+2824 chars],
bb65f1c362b0e69d85e7f2ef2efb1dd0,2025-11-09T12:23:33Z,'Wirbelsturm',www.tagesspiegel.de,de,1.0,Tropischer Wirbelsturm: Philippinen rüsten sich für Supertaifun „Fung-Wong“,Nach dem verheerenden Taifun „Kalmaegi“ droht den Philippinen ein neuer und noch stärkerer Sturm. Bereits vor seiner Ankunft sorgt „Fung-Wong“ für Zerstörung und erste Tote.,https://www.tagesspiegel.de/gesellschaft/panorama/tropischer-wirbelsturm-philippinen-rusten-sich-fur-supertaifun-fung-wong-14791916.html,https://www.tagesspiegel.de/images/14791913/alternates/BASE_16_9_W1400/1762691012000/taifun-fung-wong-philippinen.jpeg,,Gerade erst hat ein Taifun auf den Philippinen Hunderte Menschen in den Tod gerissen - nun zieht ein neuer und noch stärkerer Wirbelsturm auf den Inselstaat zu. Fung-Wong sorgte bereits vor seiner An… [+2860 chars],
9cb1299607ea17979c40c523444ecd3f,2025-11-09T12:23:33Z,'Tropischer Wirbelsturm',www.tagesspiegel.de,de,1.0,Tropischer Wirbelsturm: Supertaifun „Fung-Wong“ hat die Philippinen erreicht,Nach dem verheerenden Taifun „Kalmaegi“ fegt nun ein neuer und noch stärkerer Sturm über die Philippinen. Bereits vor seiner Ankunft sorgte „Fung-Wong“ für Zerstörung und erste Tote.,https://www.tagesspiegel.de/gesellschaft/panorama/tropischer-wirbelsturm-supertaifun-fung-wong-hat-die-philippinen-erreicht-14791916.html,https://www.tagesspiegel.de/images/14791913/alternates/BASE_16_9_W1400/1762691012000/taifun-fung-wong-philippinen.jpeg,,Gerade erst hat ein Taifun auf den Philippinen Hunderte Menschen in den Tod gerissen - nun hat ein neuer und noch stärkerer Wirbelsturm den Inselstaat erreicht. Das Zentrum von Fung-Wong traf am Sonn… [+2858 chars],
0810bff1cef39416386a3d0c0f1c4693,2025-11-09T14:26:20Z,'Wirbelsturm',www.stern.de,de,1.0,"Tropischer Wirbelsturm: Supertaifun ""Fung-Wong"" trifft in den Philippinen auf Land",Manila - Der Supertaifun «Fung-Wong» hat die Philippinen erreicht. Das Zentrum des Wirbelsturms traf am Sonntagabend (Ortszeit) in der Provinz Aurora,https://www.stern.de/panorama/tropischer-wirbelsturm--supertaifun--fung-wong--trifft-in-den-philippinen-auf-land-36274650.html,https://image.stern.de/36274652/t/4i/v1/w1440/r1.7778/-/09--kqyc5uowqov5axs2048jpeg---23ab6d58f51bd1c3.jpg,,"Kopiere den aktuellen Link
Zur Merkliste hinzufügen
Zwei Taifune in einer Woche: Nach dem verheerenden Sturm ""Kalmaegi"" hat nun ""Fung-Wong"" mit noch mehr Wucht die Philippinen erreicht.
Der Supert… [+1299 chars]",
b7a3bcd99a757b427a856ffd6f68c5f9,2025-11-09T14:26:20Z,'Wirbelsturm',www.zeit.de,de,1.0,"Tropischer Wirbelsturm: Supertaifun ""Fung-Wong"" trifft in den Philippinen auf Land","Hier finden Sie Informationen zu dem Thema „Tropischer Wirbelsturm“. Lesen Sie jetzt „Supertaifun ""Fung-Wong"" trifft in den Philippinen auf Land“.",https://www.zeit.de/news/2025-11/09/supertaifun-fung-wong-trifft-in-den-philippinen-auf-land,https://img.zeit.de/news/2025-11/09/supertaifun-fung-wong-trifft-in-den-philippinen-auf-land-image-group/wide__1300x731,,"Der Supertaifun «Fung-Wong» hat die Philippinen erreicht. Das Zentrum des Wirbelsturms traf am Sonntagabend (Ortszeit) in der Provinz Aurora auf Land, teilte der Wetterdienst Pagasa mit. Aurora befin… [+1150 chars]",
79ecf98ff43a7ad534f61bff8feef8c3,2025-11-09T14:27:21Z,'Tropischer Wirbelsturm',www.tagesspiegel.de,de,1.0,Tropischer Wirbelsturm: Supertaifun „Fung-Wong“ trifft in den Philippinen auf Land,Zwei Taifune in einer Woche: Nach dem verheerenden Sturm „Kalmaegi“ hat nun „Fung-Wong“ mit noch mehr Wucht die Philippinen erreicht.,https://www.tagesspiegel.de/gesellschaft/panorama/tropischer-wirbelsturm-supertaifun-fung-wong-trifft-in-den-philippinen-auf-land-14792741.html,https://www.tagesspiegel.de/images/14792738/alternates/BASE_16_9_W1400/1762698441000/taifun-fung-wong-philippinen.jpeg,,"Der Supertaifun Fung-Wong hat die Philippinen erreicht. Das Zentrum des Wirbelsturms traf am Sonntagabend (Ortszeit) in der Provinz Aurora auf Land, teilte der Wetterdienst Pagasa mit. Aurora befinde… [+1198 chars]",
91870a14fa0fa2a1f9cd73970d505b7d,2025-11-09T14:53:38Z,'Taifun',www.n-tv.de,de,1.0,"Warnungen und Flugannulierungen: Zwei Menschen sterben bei Vorboten von Supertaifun ""Fung-Wong""","Ein Supertaifun trifft auf die Philippinen und könnte in den nächsten Stunden enorme Schäden verursachen. 1,1 Millionen Menschen verlassen vorsorglich ihre Häuser. Doch starker Wind und heftige Regenmengen sorgen schon vor der Naturkatastrophe für erste Todes…",https://www.n-tv.de/panorama/Zwei-Menschen-sterben-bei-Vorboten-von-Supertaifun-Fung-Wong-article26150620.html,https://www.n-tv.de/img/incoming/crop26150619/1621321675-cImg_16_9-w1200/557535176.jpg,,"Ein Supertaifun trifft auf die Philippinen und könnte in den nächsten Stunden enorme Schäden verursachen. 1,1 Millionen Menschen verlassen vorsorglich ihre Häuser. Doch starker Wind und heftige Regen… [+2837 chars]",
f435836087e37a517607633cd9d5a330,2025-11-09T14:58:41Z,'Taifun',www.stern.de,de,1.0,"Tropischer Wirbelsturm: Supertaifun ""Fung-Wong"" hat die Philippinen erreicht","Nach dem verheerenden Taifun ""Kalmaegi"" fegt nun ein neuer und noch stärkerer Sturm über die Philippinen. Bereits vor seiner Ankunft sorgte ""Fung-Wong"" für Zerstörung und erste Tote.",https://www.stern.de/panorama/tropischer-wirbelsturm--supertaifun--fung-wong--hat-die-philippinen-erreicht-36271812.html,https://image.stern.de/36275442/t/Pe/v1/w1440/r1.7778/-/09--vhnup5pp3wv10axs2048jpeg---1d7c0b48089ffd67.jpg,,"Kopiere den aktuellen Link
Zur Merkliste hinzufügen
Nach dem verheerenden Taifun ""Kalmaegi"" fegt nun ein neuer und noch stärkerer Sturm über die Philippinen. Bereits vor seiner Ankunft sorgte ""Fung… [+3020 chars]",
1448547b35de6e69c6c98a7be8382fae,2025-11-09T20:51:50Z,'Taifun',www.faz.net,de,1.0,Südostasien: Supertaifun „Fung-Wong“ hat die Philippinen erreicht,"Es ist bereits der zweite Taifun innerhalb einer Woche: Nach dem verheerenden Sturm „Kalmaegi“ fegt nun ein neuer und noch stärkerer Taifun über den Inselstaat. Mehr als 1,1 Millionen Menschen wurden evakuiert.",https://www.faz.net/aktuell/gesellschaft/ungluecke/supertaifun-fung-wong-hat-die-philippinen-erreicht-110772839.html,https://media1.faz.net/ppmedia/w1200/aktuell/gesellschaft/673405874/1.10772969/facebook_teaser/fung-wong-traf-am-sonntagabend.jpg.webp,,Gerade erst hat ein Taifun auf den Philippinen Hunderte Menschen in den Tod gerissen nun hat ein neuer und noch stärkerer Wirbelsturm den Inselstaat erreicht. Das Zentrum von Fung-Wong traf am Sonnta… [+2798 chars],
29bc17198baaae63e3c1bc541624ac5c,2025-11-10T01:45:59Z,'Tropischer Wirbelsturm',www.nzz.ch,de,1.0,Supertaifun «Fung-Wong» trifft die Philippinen: Zwei Tote und Evakuierungen,"Noch vor dem Landgang am Sonntag kamen mindestens zwei Personen ums Leben, über eine Million Menschen wurden vor einem der stärksten Stürme des Jahres evakuiert.",https://www.nzz.ch/panorama/supertaifun-fung-wong-trifft-die-philippinen-zwei-tote-und-evakuierungen-ld.1911047,"https://img.nzz.ch/2025/11/10/e57287f7-18fc-499a-8da6-3f99604f5b96.jpg?width=1200&height=675&fit=bounds&quality=75&auto=webp&crop=2048,1152,x0,y1&wmark=nzz",,"Noch vor dem Landgang am Sonntag kamen mindestens zwei Personen ums Leben, über eine Million Menschen wurden vor einem der stärksten Stürme des Jahres evakuiert.
10.11.2025, 02.45 Uhr
Häuser stehen… [+1657 chars]",
35edde16780e48e8ab39e20f0bed12af,2025-11-10T04:01:36Z,'Taifun',www.faz.net,de,1.0,Südostasien: Supertaifun „Fung-Wong“ hat die Philippinen erreicht,"Es ist bereits der zweite Taifun innerhalb einer Woche: Nach dem verheerenden Sturm „Kalmaegi“ fegt nun ein neuer und noch stärkerer Taifun über den Inselstaat. Mehr als 1,1 Millionen Menschen wurden evakuiert. Es gab bereits Tote.",https://www.faz.net/aktuell/gesellschaft/ungluecke/philippinen-supertaifun-fung-wong-erreicht-den-inselstaat-110772839.html,https://media1.faz.net/ppmedia/w1200/aktuell/gesellschaft/673405874/1.10772969/facebook_teaser/fung-wong-traf-am-sonntagabend.jpg.webp,,"Der heftige Taifun Fung-Wong hat auf den nördlichen Philippinen mit Starkregen und Sturmböen gewütet. Dennoch kam der Inselstaat dank Vorsichtsmaßnahmen glimpflicher davon als zunächst befürchtet.
D… [+2216 chars]",
88d1d6eb2490c12d325d7e07d7802c8f,2025-11-10T07:23:31Z,'Taifun',www.faz.net,de,1.0,Starkregen und Sturmböen: Supertaifun „Fung-Wong“ wütet auf den Philippinen,"Es ist bereits der zweite Taifun innerhalb einer Woche: Nach dem verheerenden Sturm „Kalmaegi“ fegt nun ein neuer Taifun über den Inselstaat. Mehr als 1,4 Millionen Menschen waren zuvor in Sicherheit gebracht worden.",https://www.faz.net/aktuell/gesellschaft/ungluecke/philippinen-supertaifun-fung-wong-trifft-auf-bewohnte-kuesten-110772839.html,https://media1.faz.net/ppmedia/w1200/aktuell/gesellschaft/673405874/1.10772969/facebook_teaser/fung-wong-traf-am-sonntagabend.jpg.webp,,"Der heftige Taifun Fung-Wong hat auf den nördlichen Philippinen mit Starkregen und Sturmböen gewütet. Dennoch kam der Inselstaat dank Vorsichtsmaßnahmen glimpflicher davon als zunächst befürchtet.
D… [+2216 chars]",
58f2e13028fc6258ea991a3dad7d3432,2025-11-10T07:53:55Z,'Taifun',www.stern.de,de,1.0,"Abgeschwächter Taifun ""Fung-wong"" dreht von den Philippinen in Richtung Taiwan ab","Der mittlerweile abgeschwächte Taifun ""Fung-wong"" ist am Montag von den Philippinen abgezogen, nachdem er dort eine Spur der Verwüstung hinterlassen hat. Der staatliche Wetterdienst teilte mit, dass der Taifun voraussichtlich in Richtung Taiwan abdrehen werde…",https://www.stern.de/news/abgeschwaechter-taifun--fung-wong--dreht-von-den-philippinen-in-richtung-taiwan-ab-36298230.html,https://image.stern.de/36298232/t/wP/v1/w1440/r1.7778/-/10--arbeiter-begutachten-umgestuerzte-baeume-in-manila---2a88581a5a5b007c.jpg,,"Kopiere den aktuellen Link
Zur Merkliste hinzufügen
Der mittlerweile abgeschwächte Taifun ""Fung-wong"" ist am Montag von den Philippinen abgezogen, nachdem er dort eine Spur der Verwüstung hinterlas… [+2774 chars]",
f4dfd458b9467ae44900caa33c0dc07c,2025-11-10T13:07:21Z,'Wirbelstürme Klimawandel',www.focus.de,de,1.0,Philippinische Familie rettet sich über Dach vor Super-Taifun,"Ein philippinischer Familienvater musste sein Hausdach einschlagen, um seine Familie vor dem Super-Taifun zu retten. Wenige Tage nach dem ersten Wirbelsturm trifft die Philippinen jetzt die nächste Katastrophe.",https://www.focus.de/politik/ausland/philippinische-familie-rettet-sich-ueber-dach-vor-super-taifun_5e12b573-31c1-4b97-811d-25b0693c6d01.html,https://quadro.burda-forward.de/ctf/a00ee5cb-a7d6-4045-a0da-a46f1cbb19b7.dd0b8d22-8adc-417e-9de7-1ee150a72716.jpg?im=RegionOfInterestCrop%3D%281200%2C630%29%2CregionOfInterest%3D%281034%2C332%29&hash=d7f8092b7a6c2888063fabf1f2c07030b204ed909260478a4c4d64588a16f4ba,,"In der philippinischen Stadt Cebu musste eine Familie die Decke ihres eigenen Hauses durchbrechen, um sich vor dem Super-Taifun ""Kalmaegi"" in Sicherheit zu bringen. Ein Video, das derzeit auf X kursi… [+1089 chars]",
